Key,English,German,Russian
Config:GameConfig.Enemies.Array.data[0].Description,,,
Config:GameConfig.Enemies.Array.data[0].Name,,,
Config:GameConfig.Enemies.Array.data[1].Description,,,
Config:GameConfig.Enemies.Array.data[1].Name,,,
Config:GameConfig.Enemies.Array.data[2].Description,,,
Config:GameConfig.Enemies.Array.data[2].Name,,,
Config:GameConfig.Enemies.Array.data[3].Description,,,
Config:GameConfig.Enemies.Array.data[3].Name,,,
Config:GameConfig.Enemies.Array.data[4].Description,,,
Config:GameConfig.Enemies.Array.data[4].Name,,,
Config:GameConfig.Enemies.Array.data[5].Description,,,
Config:GameConfig.Enemies.Array.data[5].Name,,,
Config:GameConfig.Enemies.Array.data[6].Description,,,
Config:GameConfig.Enemies.Array.data[6].Name,,,
Config:GameConfig.Enemies.Array.data[7].Description,,,
Config:GameConfig.Enemies.Array.data[7].Name,,,
Config:GameConfig.Enemies.Array.data[8].Description,,,
Config:GameConfig.Enemies.Array.data[8].Name,,,
Config:GameConfig.Enemies.Array.data[9].Description,,,